Const,Title,sex_nudity,violence_gore,profanity,alcohol_drugs,intensity
tt27847051,The Secret Agent,Moderate,Severe,Moderate,Moderate,Severe
tt2935510,Ad Astra,None,Moderate,Mild,None,Moderate
tt30343021,Song Sung Blue,Mild,Mild,Moderate,Mild,Mild
tt14205554,KPop Demon Hunters,None,Mild,None,None,Mild
tt21103218,The Lost Bus,None,Mild,Moderate,None,Severe
tt6263850,Deadpool & Wolverine,Mild,Severe,Severe,Moderate,Moderate
tt15498808,Samuel,None,Mild,Mild,Mild,Mild
tt31590095,For Worse,Moderate,None,Moderate,Severe,Moderate
tt13287846,Napoleon,Moderate,Severe,Mild,Mild,Severe
tt29768334,Train Dreams,Mild,Mild,Mild,Mild,Mild
tt4154796,Avengers: Endgame,None,Moderate,Mild,Mild,Moderate
tt8946378,Knives Out,None,Mild,Moderate,Mild,Mild
tt0096874,Back to the Future Part II,Mild,Mild,Moderate,Mild,Moderate
tt8398600,After Life,Mild,Mild,Severe,Moderate,Mild
tt14142060,Rental Family,Mild,Mild,Mild,Mild,None
tt14905854,Hamnet,Mild,Mild,Mild,Mild,Moderate
tt0082971,Raiders of the Lost Ark,Mild,Moderate,Mild,Mild,Moderate
tt16277242,Society of the Snow,Mild,Severe,Mild,Mild,Severe
tt24950660,Eternity,Mild,Mild,Mild,Mild,Mild
tt0877057,Death Note,Mild,Moderate,Mild,Mild,Severe
tt13833688,The Whale,Moderate,Mild,Moderate,Moderate,Moderate
tt39049192,Even if This Love Disappears from the World Tonight,Mild,None,None,None,Moderate
tt27543632,The Housemaid,Moderate,Severe,Moderate,Mild,Moderate
tt32916440,Marty Supreme,Moderate,Moderate,Severe,Mild,Moderate
tt14107334,The Running Man,Mild,Severe,Moderate,Mild,Moderate
tt2545428,Meru,None,Mild,Moderate,Mild,Moderate
tt12908150,The Life of Chuck,None,Mild,Moderate,Mild,Mild
tt17526714,The Substance,Severe,Severe,Moderate,Moderate,Severe
tt9214772,Monkey Man,Moderate,Severe,Severe,Moderate,Severe
tt12300742,Bugonia,Mild,Severe,Severe,Mild,Severe
tt6604188,Tron: Ares,None,Mild,Mild,Mild,Mild
tt0416449,300.0,Severe,Severe,Mild,None,Severe
tt0371746,Iron Man,Mild,Moderate,Mild,Mild,Moderate
tt39307872,One Last Adventure: The Making of Stranger Things 5,None,Mild,Mild,Mild,Moderate
tt22740896,People We Meet on Vacation,Mild,None,Mild,Mild,None
tt14152140,Darlings,None,Moderate,Mild,Severe,Moderate
tt30144839,One Battle After Another,Moderate,Moderate,Severe,Moderate,Moderate
tt0099487,Edward Scissorhands,Mild,Moderate,Mild,Mild,Moderate
tt0038650,It's a Wonderful Life,None,Mild,None,Mild,Mild
tt14364480,Wake Up Dead Man,Mild,Moderate,Moderate,Moderate,Moderate
tt15732324,OMG 2,Moderate,Mild,Mild,None,Mild
tt2283748,OMG: Oh My God!,None,None,None,None,None
tt6967980,Seeking True Love,None,None,Mild,Mild,None
tt4535650,Dilwale,None,Moderate,Mild,Mild,Mild
tt10895576,Mimi,None,None,None,Mild,None
tt20221436,Emilia Pérez,Mild,Moderate,Moderate,Mild,Moderate
tt31998881,Oh. What. Fun.,Mild,None,Mild,Mild,None
tt2181931,English Vinglish,None,None,None,None,None
tt23849204,12th Fail,None,None,None,Mild,None
tt9218128,Gladiator II,Mild,Severe,Mild,Mild,Moderate
tt0172495,Gladiator,Mild,Severe,Mild,None,Severe
tt2806788,Fukrey,None,None,Mild,Mild,None
tt6225520,The Man Who Invented Christmas,None,Mild,Mild,Mild,Mild
tt11934846,Badhaai Do,None,None,None,Mild,None
tt21626284,Lost Ladies,None,Mild,None,Mild,Mild
tt24852126,Jingle Bell Heist,Mild,None,Moderate,Mild,None
tt0072777,Chhoti Si Baat,None,None,None,None,Mild
tt31973693,The Roses,Mild,Mild,Severe,Moderate,Mild
tt35600079,A Very Jonas Christmas Movie,Mild,None,Mild,Mild,Mild
tt38608937,One Shot with Ed Sheeran,None,None,None,Mild,None
tt29567915,Nuremberg,None,Severe,Mild,Mild,Severe
tt5950044,Superman,Mild,Moderate,Mild,Mild,Moderate
tt34992378,A Merry Little Ex-Mas,Mild,None,None,None,None
tt1312221,Frankenstein,Mild,Severe,Mild,Mild,Severe
tt7725596,Badhaai Ho,Mild,None,None,Mild,None
tt8332922,A Quiet Place Part II,None,Moderate,Mild,None,Severe
tt6644200,A Quiet Place,None,Moderate,None,None,Severe
tt7130300,The Woman in Cabin 10,None,Mild,Mild,Mild,Mild
tt27075958,Fountain of Youth,None,Mild,Mild,Mild,Mild
tt0083866,E.T. the Extra-Terrestrial,None,Mild,Mild,Mild,Moderate
tt3581932,And Then There Were None,Mild,Moderate,Moderate,Moderate,Moderate
tt35520290,The Baltimorons,None,None,Mild,Mild,None
tt37898320,aka Charlie Sheen,Moderate,Mild,Severe,Severe,None
tt2649356,Sharp Objects,Moderate,Severe,Moderate,Severe,Moderate
tt0209144,Memento,Mild,Moderate,Severe,Mild,Moderate
tt2350496,The Lunchbox,None,None,None,Mild,None
tt16431330,A Nice Indian Boy,Mild,None,Mild,Mild,None
tt0155267,The Thomas Crown Affair,Moderate,None,Mild,Mild,None
tt12001534,The Thursday Murder Club,Mild,Mild,Mild,Mild,Mild
tt6341832,Oxygen,None,Mild,Mild,None,Moderate
tt31956415,Freakier Friday,Mild,None,Mild,Mild,None
tt0120184,Sphere,None,Moderate,Mild,Mild,Moderate
tt0071315,Chinatown,Moderate,Moderate,Mild,Mild,Moderate
tt31806037,Adolescence,Mild,Mild,Severe,None,Moderate
tt30988739,Black Bag,Mild,Moderate,Moderate,Mild,Mild
tt31193180,Sinners,Moderate,Severe,Moderate,Mild,Severe
tt0899043,The Amateur,None,Moderate,Mild,Mild,Moderate
tt32149847,Drop,None,Moderate,Mild,Mild,Moderate
tt29603959,Novocaine,Mild,Severe,Severe,Mild,Moderate
tt10676052,The Fantastic Four: First Steps,None,Mild,Mild,None,Moderate
tt6334354,The Suicide Squad,Moderate,Severe,Severe,Moderate,Severe
tt9619824,Final Destination: Bloodlines,None,Severe,Moderate,Mild,Severe
tt14403504,Last Breath,None,None,Mild,None,Moderate
tt9032400,Eternals,Mild,Moderate,Mild,None,Moderate
tt31036941,Jurassic World: Rebirth,None,Moderate,Mild,Mild,Moderate
tt16311594,F1: The Movie,Mild,Mild,Moderate,Mild,Moderate
tt0108358,Tombstone,Mild,Moderate,Moderate,Moderate,Moderate
tt0765429,American Gangster,Moderate,Severe,Severe,Severe,Severe
tt0108052,Schindler's List,Severe,Severe,Moderate,Moderate,Severe
tt30253473,Materialists,Mild,None,Moderate,Mild,Mild
tt0892769,How to Train Your Dragon,None,Mild,None,None,Mild
tt31121295,Deep Cover,Mild,Moderate,Severe,Moderate,Mild
tt9603208,Mission: Impossible - The Final Reckoning,None,Moderate,Mild,Mild,Moderate
tt14513804,Captain America: Brave New World,None,Moderate,Mild,None,Moderate
tt20969586,Thunderbolts*,None,Moderate,Moderate,Mild,Severe
tt11655566,Lilo & Stitch,None,Mild,Mild,None,Mild
tt33088401,Dream Productions,None,None,None,None,Mild
tt1231587,Hot Tub Time Machine,Moderate,Moderate,Severe,Severe,Mild
tt26584495,Companion,Mild,Severe,Moderate,Mild,Moderate
tt14164922,Asterix & Obelix: The Big Fight,None,Mild,None,Mild,Mild
tt20214908,Another Simple Favor,Mild,Moderate,Severe,Moderate,Mild
tt7040874,A Simple Favor,Moderate,Mild,Moderate,Mild,Mild
tt7985704,Operation Fortune: Ruse de Guerre,None,Moderate,Moderate,Mild,Mild
tt0099077,Awakenings,None,None,Mild,Mild,Mild
tt0071360,The Conversation,Mild,Moderate,Mild,Mild,Moderate
tt0313542,Runaway Jury,Mild,Mild,Mild,Mild,Mild
tt0093260,Innerspace,Mild,Mild,Mild,Mild,Mild
tt28015403,Heretic,Mild,Moderate,None,None,Moderate
tt24176060,Queer,Severe,Mild,Moderate,Severe,Moderate
tt13186482,Mufasa: The Lion King,None,Mild,None,None,Moderate
tt0275847,Lilo & Stitch,None,Mild,None,None,Mild
tt1706620,Snowpiercer,None,Severe,Moderate,Moderate,Severe
tt7766378,The Electric State,None,Mild,Mild,None,Mild
tt3263946,Trial by Fire,Moderate,Moderate,Severe,Mild,Moderate
tt12299608,Mickey 17,Moderate,Moderate,Severe,Mild,Moderate
tt14257582,Wolfs,None,Moderate,Severe,Mild,Mild
tt16366836,Venom: The Last Dance,None,Moderate,Moderate,Mild,Moderate
tt7097896,Venom: Let There Be Carnage,None,Moderate,Moderate,Mild,Moderate
tt11563598,A Complete Unknown,Mild,Mild,Moderate,Mild,None
tt23055660,Nickel Boys,None,Moderate,Moderate,Mild,Moderate
tt20215234,Conclave,None,Mild,None,Mild,Mild
tt13654226,The Gorge,Mild,Moderate,Mild,Mild,Moderate
tt1896747,Fly Me to the Moon,None,None,Moderate,Mild,None
tt10919420,Squid Game,Moderate,Severe,Moderate,Mild,Severe
tt16419074,Air,None,None,Severe,None,None
tt28607951,Anora,Severe,Mild,Severe,Severe,Moderate
tt9419884,Doctor Strange in the Multiverse of Madness,None,Severe,Mild,None,Severe
tt18272208,Here,Mild,Mild,Moderate,Mild,Mild
tt3864060,Unstoppable,None,Mild,Moderate,Mild,Mild
tt1726592,Before I Go to Sleep,Mild,Moderate,Mild,None,Moderate
tt27657135,Saturday Night,Mild,Mild,Severe,Moderate,Mild
tt8999762,The Brutalist,Severe,Moderate,Mild,Severe,Moderate
tt14948432,Red One,Mild,Mild,Moderate,Mild,Mild
tt14858658,Blink Twice,Moderate,Severe,Moderate,Severe,Severe
tt21191806,Back in Action,None,Mild,Mild,Mild,Mild
tt21823606,A Real Pain,None,None,Severe,Moderate,Mild
tt0195685,Erin Brockovich,Mild,None,Moderate,Mild,Mild
tt6166392,Wonka,None,Mild,None,None,Mild
tt1262426,Wicked,None,Mild,None,None,Mild
tt12810074,Nightbitch,Mild,Mild,Moderate,Mild,Mild
tt26753003,Trap,None,Mild,Mild,Mild,Moderate
tt27403986,Juror #2,None,Mild,Mild,Mild,Mild
tt21382296,Carry-On,None,Moderate,Mild,Mild,Moderate
tt31022050,Our Little Secret,None,None,Mild,Mild,None
tt14855468,That Christmas,None,None,Mild,None,Mild
tt26420234,Music by John Williams,None,Mild,Mild,None,Mild
tt10855768,Missing,None,Moderate,Mild,Mild,Moderate
tt20234774,Wicked Little Letters,Mild,Mild,Severe,Mild,None
tt33395815,An Almost Christmas Story,None,None,None,None,Mild
tt32359447,Hot Frosty,Mild,None,None,None,None
tt23778968,Thelma,None,Mild,Moderate,Mild,Mild
tt23841116,Adrianne & the Castle,None,None,None,None,Moderate
tt12584954,Twisters,None,Mild,Mild,None,Moderate
tt27131358,We Live in Time,Moderate,None,Moderate,None,Mild
tt3581920,The Last of Us,Mild,Severe,Severe,Mild,Severe
tt20502488,Meet Me Next Christmas,Mild,None,None,None,None
tt0443465,Before We Go,None,None,Mild,Mild,None
tt0241303,Chocolat,Mild,Mild,None,Mild,Mild
tt2906216,Dungeons & Dragons: Honor Among Thieves,None,Moderate,Mild,Mild,Mild
tt0083806,Deathtrap,Mild,Moderate,Mild,Mild,Mild
tt18559464,My Old Ass,Mild,None,Severe,Moderate,None
tt0367594,Charlie and the Chocolate Factory,None,Mild,Mild,None,Moderate
tt0405508,Rang De Basanti,None,Moderate,Mild,Mild,Moderate
tt0407887,The Departed,Moderate,Severe,Severe,Moderate,Severe
tt20194882,Lonely Planet,Mild,None,Mild,Mild,None
tt23770030,Memoir of a Snail,Moderate,Moderate,Mild,Moderate,Moderate
tt0084787,The Thing,None,Severe,Moderate,Mild,Severe
tt1130884,Shutter Island,Mild,Severe,Moderate,Moderate,Severe
tt0073195,Jaws,Mild,Severe,Mild,Mild,Severe
tt7737800,Woman of the Hour,Mild,Moderate,Moderate,Mild,Moderate
tt26933824,Nobody Wants This,Mild,None,Moderate,Mild,None
tt14577874,It's What's Inside,Mild,Mild,Severe,Moderate,Moderate
tt0120791,Practical Magic,Mild,Mild,Moderate,Mild,Moderate
tt27902121,Super/Man: The Christopher Reeve Story,None,None,Mild,Mild,None
tt0087800,A Nightmare on Elm Street,Mild,Severe,Moderate,Mild,Severe
tt2345759,The Mummy,Mild,Moderate,Mild,Mild,Moderate
tt13405810,Quiz Lady,None,Mild,Mild,Mild,None
tt1660648,Ricky Stanicky,Mild,Mild,Moderate,Moderate,None
tt0435761,Toy Story 3,None,Mild,None,None,Moderate
tt10767052,Next Goal Wins,Mild,None,Moderate,Mild,None
tt0356470,A Cinderella Story,None,None,None,None,None
tt0120363,Toy Story 2,None,Mild,None,None,Mild
tt21051906,A Family Affair,Mild,None,Mild,Mild,None
tt23289160,Godzilla Minus One,None,Moderate,None,Mild,Severe
tt0379725,Capote,None,Moderate,Mild,Mild,Moderate
tt11080108,The Map of Tiny Perfect Things,None,None,Mild,Mild,None
tt0361841,Little Black Book,Mild,Mild,Moderate,Mild,None
tt20215968,Hit Man,Moderate,Mild,Severe,Mild,None
tt22022452,Inside Out 2,None,None,None,None,Mild
tt9466114,The Idea of You,Mild,None,Mild,Mild,None
tt1058017,The Invention of Lying,Mild,None,Mild,Mild,None
tt3758542,Ferrari,Moderate,Severe,Moderate,Mild,Moderate
tt2183014,Love at First Sight,None,None,Mild,None,None
tt2582846,The Fault in Our Stars,Mild,Mild,Mild,Mild,Moderate
tt3719896,My All-American,Mild,Mild,Mild,None,None
tt21064584,The Iron Claw,Mild,Moderate,Moderate,Moderate,Moderate
tt21276958,Babes,Mild,None,Moderate,Moderate,None
tt17279496,Civil War,None,Severe,Severe,Mild,Severe
tt11152168,IF,None,None,Mild,None,None
tt16426418,Challengers,Moderate,Mild,Moderate,Mild,Mild
tt0758752,Love & Other Drugs,Severe,Mild,Severe,Moderate,Mild
tt1684562,The Fall Guy,None,Moderate,Moderate,Mild,Mild
tt26047818,Anyone But You,Moderate,None,Moderate,Mild,None
tt0092513,Adventures in Babysitting,Mild,Mild,Moderate,Mild,Mild
tt21942866,Dream Scenario,Mild,Moderate,Moderate,Mild,Moderate
tt9185206,"Are You There God? It's Me, Margaret.",Mild,None,None,None,None
tt5027774,"Three Billboards Outside Ebbing, Missouri",Mild,Moderate,Severe,Moderate,Moderate
tt0482571,The Prestige,Mild,Moderate,Mild,Mild,Moderate
tt5177120,The Ministry of Ungentlemanly Warfare,Mild,Severe,Mild,Mild,Moderate
tt21279806,Scoop,Mild,None,None,None,None
tt15009428,Argylle,None,Moderate,Mild,Mild,Mild
tt13745850,The Last Thing He Told Me,Mild,Mild,Moderate,Mild,Mild
tt0871510,Chak De! India,None,None,Mild,None,None
tt21740488,Little Death,Mild,Moderate,Severe,Severe,Moderate
tt10676048,The Marvels,None,Mild,Mild,None,Mild
tt0337741,Something's Gotta Give,Moderate,None,Mild,Mild,None
tt21235248,Ghostbusters: Frozen Empire,Mild,Mild,Mild,Mild,Moderate
tt7775720,Spoiler Alert,Mild,None,None,Mild,Mild
tt13651794,May December,Moderate,None,Mild,Mild,Mild
tt21957774,Irish Wish,None,None,None,Mild,None
tt15239678,Dune: Part Two,Mild,Moderate,Mild,Mild,Moderate
tt15078804,Problemista,Mild,Mild,Mild,Mild,Mild
tt13452446,Damsel,None,Moderate,None,None,Moderate
tt15258106,Arctic Ascent with Alex Honnold,None,Mild,Mild,None,Moderate
tt14230458,Poor Things,Severe,Severe,Severe,Moderate,Moderate
tt7160372,The Zone of Interest,None,Mild,None,Mild,Moderate
tt23561236,American Fiction,Mild,Mild,Severe,Moderate,Mild
tt17009710,Anatomy of a Fall,Mild,Mild,Moderate,Mild,Moderate
tt13238346,Past Lives,None,None,Mild,Mild,None
tt0092890,Dirty Dancing,Mild,Mild,Mild,Mild,Mild
tt15789038,Elemental,None,None,None,None,Mild
tt5537002,Killers of the Flower Moon,Mild,Severe,Moderate,Mild,Severe
tt22687790,A Haunting in Venice,None,Moderate,Mild,Mild,Moderate
tt5535276,Maestro,Mild,None,Mild,Moderate,Mild
tt14849194,The Holdovers,Mild,None,Moderate,Moderate,Mild
tt0816692,Interstellar,None,Mild,Mild,None,Moderate
tt0246460,Die Another Day,Moderate,Moderate,Mild,Mild,Moderate
tt16968450,The Wonderful Story of Henry Sugar,None,None,None,Mild,None
tt28912758,The Swan,None,Mild,None,None,Moderate
tt28912858,The Rat Catcher,None,Mild,None,None,Mild
tt28912885,Poison,None,None,Mild,None,Mild
tt4857264,The Invisible Guest,None,Mild,Mild,Mild,Moderate
tt9140554,Loki,None,Moderate,Mild,None,Moderate
tt21328106,Candy Cane Lane,None,None,Mild,None,None
tt13430858,What's Love Got to Do with It?,Mild,None,Mild,Mild,None
tt0088258,This Is Spinal Tap,Mild,None,Moderate,Mild,None
tt14993250,Rocky Aur Rani Kii Prem Kahaani,Mild,None,Mild,Mild,None
tt15354916,Jawan,None,Moderate,Mild,Moderate,Severe
tt1922777,Sinister,None,Severe,Mild,Mild,Severe
tt7784604,Hereditary,Moderate,Severe,Moderate,Moderate,Severe
tt1695843,Haunted Mansion,None,Mild,Mild,Mild,Moderate
tt17527468,Bottoms,Mild,Moderate,Severe,None,Moderate
tt1175709,All Good Things,Mild,Moderate,Moderate,Moderate,Mild
tt1230414,It's Complicated,Mild,None,Mild,Moderate,None
tt4495098,Gran Turismo,None,Mild,Moderate,Mild,Moderate
tt0095159,A Fish Called Wanda,Moderate,Mild,Moderate,Mild,Mild
tt10276482,Love Again,Mild,None,Mild,Mild,None
tt0439572,The Flash,Mild,Moderate,Moderate,Mild,Moderate
tt21276878,You Are So Not Invited to My Bat Mitzvah,Mild,None,Mild,Mild,None
tt15398776,Oppenheimer,Moderate,Mild,Moderate,Mild,Moderate
tt12758060,Tetris,None,Mild,Moderate,Mild,Mild
tt19770238,Aftersun,Mild,None,Mild,Mild,Mild
tt24132732,The Deepest Breath,None,Mild,Mild,Mild,Moderate
tt1517268,Barbie,Mild,None,Mild,None,None
tt1869454,Good Omens,Mild,Mild,Mild,Mild,Mild
tt12024308,Wildflower,Mild,Mild,Moderate,Mild,Mild
tt9603212,Mission: Impossible - Dead Reckoning Part One,None,Moderate,Mild,Mild,Moderate
tt11274492,The Out-Laws,Mild,Moderate,Severe,Mild,Mild
tt21030146,Secret Chef,None,None,Mild,None,None
tt0103776,Batman Returns,Mild,Moderate,Mild,Mild,Moderate
tt8105234,Flamin' Hot,None,None,Mild,Mild,None
tt17663992,Scream VI,Mild,Severe,Severe,Mild,Severe
tt1462764,Indiana Jones and the Dial of Destiny,None,Moderate,Mild,Mild,Mild
tt2139881,Long Shot,Moderate,Mild,Severe,Moderate,Mild
tt4633694,Spider-Man: Into the Spider-Verse,None,Mild,Mild,None,Mild
tt9362722,Spider-Man: Across the Spider-Verse,None,Mild,Mild,None,Moderate
tt10857164,Ms. Marvel,None,Mild,None,None,None
tt0120783,The Parent Trap,Mild,None,None,Mild,None
tt0480242,Dan in Real Life,Mild,Mild,Mild,Mild,None
tt6462958,I Want You Back,Mild,Mild,Moderate,Moderate,None
tt5151570,Mrs. Harris Goes to Paris,Mild,None,None,Mild,None
tt12263384,Extraction II,None,Severe,Moderate,None,Moderate
tt8936646,Extraction,None,Severe,Moderate,Mild,Moderate
tt15671028,No Hard Feelings,Severe,Mild,Moderate,Mild,None
tt4481414,Gifted,Mild,None,Mild,Mild,None
tt5971474,The Little Mermaid,None,Mild,None,None,Mild
tt0382932,Ratatouille,None,Mild,None,Mild,Mild
tt25363184,Stan Lee,None,None,Mild,Mild,Mild
tt11823076,Tiger King,Mild,Moderate,Severe,Moderate,Moderate
tt0119528,Liar Liar,Moderate,Mild,Moderate,Mild,None
tt5278506,Tickled,Mild,None,Severe,Mild,Moderate
tt10954600,Ant-Man and the Wasp: Quantumania,None,Moderate,Mild,None,Moderate
tt19853258,Still: A Michael J. Fox Movie,None,None,Moderate,Mild,Mild
tt6791350,Guardians of the Galaxy Vol. 3,None,Moderate,Moderate,Mild,Severe
tt12193804,Whitney Houston: I Wanna Dance with Somebody,Mild,Mild,Moderate,Moderate,Mild
tt0096895,Batman,Mild,Moderate,Mild,Mild,Moderate
tt1630029,Avatar: The Way of Water,Mild,Moderate,Moderate,None,Moderate
tt1564367,Just Go with It,Moderate,None,Mild,Mild,None
tt7518786,'83,None,Mild,None,Mild,None
tt15326988,Ghosted,Mild,Moderate,Mild,Mild,Mild
tt4154664,Captain Marvel,None,Mild,Mild,Mild,Mild
tt24141700,Pretty Baby: Brooke Shields,Moderate,None,Mild,Mild,Mild
tt6718170,The Super Mario Bros. Movie,None,Mild,None,None,Mild
tt15255288,Murder Mystery 2,Mild,Moderate,Mild,Mild,Mild
tt0799934,Be Kind Rewind,Mild,None,Mild,Mild,None
tt0094226,The Untouchables,None,Severe,Moderate,Mild,Moderate
tt0384793,Accepted,Mild,Mild,Moderate,Mild,None
tt0478311,Knocked Up,Severe,None,Severe,Severe,Mild
tt1155056,"I Love You, Man",Mild,None,Severe,Moderate,None
tt10640346,Babylon,Severe,Severe,Severe,Severe,Severe
tt10731256,Don't Worry Darling,Moderate,Moderate,Moderate,Mild,Moderate
tt7975244,Jumanji: The Next Level,Mild,Mild,Moderate,None,Mild
tt13111040,The Offer,Mild,Mild,Severe,Moderate,Mild
tt3799694,The Nice Guys,Moderate,Moderate,Severe,Moderate,Mild
tt9198364,Three Thousand Years of Longing,Moderate,Mild,Mild,Mild,Mild
tt3783958,La La Land,None,None,Mild,None,None
tt13669038,Women Talking,Mild,Moderate,Mild,Mild,Moderate
tt7322224,Triangle of Sadness,Mild,Moderate,Moderate,Moderate,Moderate
tt0120616,The Mummy,Mild,Moderate,Mild,Mild,Moderate
tt1016150,All Quiet on the Western Front,None,Severe,Mild,Mild,Severe
tt0266543,Finding Nemo,None,Mild,None,None,Moderate
tt0079116,Escape from Alcatraz,Mild,Moderate,Moderate,Mild,Moderate
tt7798604,We Have a Ghost,None,Mild,Moderate,Mild,Mild
tt0112870,Dilwale Dulhania Le Jayenge,None,Mild,None,Mild,Mild
tt14208870,The Fabelmans,Mild,Mild,Moderate,Mild,Mild
tt0077631,Grease,Mild,Mild,Mild,Mild,None
tt12823454,Your Place or Mine,Mild,None,Mild,Mild,None
tt1950186,Ford v Ferrari,None,Mild,Moderate,Mild,Mild
tt9686790,Shotgun Wedding,Mild,Moderate,Moderate,Mild,Mild
tt8962124,Emily in Paris,Moderate,None,Mild,Mild,None
tt14444726,Tár,Mild,Mild,Moderate,Mild,Mild
tt12003946,Violent Night,None,Severe,Severe,Mild,Moderate
tt0098258,Say Anything,Mild,None,Mild,Mild,None
tt4686844,The Death of Stalin,None,Moderate,Severe,Mild,Mild
tt0151804,Office Space,Mild,None,Severe,Mild,None
tt11291274,The Unbearable Weight of Massive Talent,Mild,Mild,Severe,Moderate,Mild
tt11976532,Vengeance,None,Mild,Moderate,Mild,Mild
tt11813216,The Banshees of Inisherin,Mild,Moderate,Moderate,Mild,Moderate
tt1488589,Guillermo del Toro's Pinocchio,None,Mild,None,Mild,Moderate
tt11198810,She Said,Mild,Mild,Moderate,None,Moderate
tt0477347,Night at the Museum,None,Mild,Mild,None,Mild
tt7405458,A Man Called Otto,None,Mild,Mild,Mild,Moderate
tt22667880,"The Boy, the Mole, the Fox and the Horse",None,None,None,None,Mild
tt0088930,Clue,Mild,Mild,Mild,Mild,Mild
tt14109724,Ticket to Paradise,Mild,None,Mild,Mild,None
tt14456350,About Fate,Mild,Mild,Mild,Mild,None
tt12593682,Bullet Train,Mild,Severe,Severe,Mild,Moderate
tt11564570,Glass Onion,Mild,Mild,Moderate,Moderate,Mild
tt0314331,Love Actually,Severe,None,Moderate,Mild,None
tt6443346,Black Adam,None,Moderate,Mild,None,Moderate
tt1430607,Arthur Christmas,None,None,None,None,Mild
tt16233952,Something from Tiffany's,None,None,Mild,Mild,None
tt0304669,The Santa Clause 2,None,None,None,None,None
tt9764362,The Menu,None,Severe,Moderate,Mild,Moderate
tt0111070,The Santa Clause,None,None,Mild,None,None
tt3640424,Allied,Moderate,Moderate,Moderate,Moderate,Moderate
tt13623136,The Guardians of the Galaxy Holiday Special,None,Mild,Mild,Mild,None
tt17220704,A Christmas Story Christmas,None,None,Mild,Mild,None
tt10999120,Spirited,Mild,None,Mild,Mild,Mild
tt0085334,A Christmas Story,Mild,Mild,Mild,Mild,None
tt0369436,Four Christmases,Mild,Mild,Mild,Mild,None
tt9411972,Where the Crawdads Sing,Moderate,Moderate,Mild,Mild,Moderate
tt14641788,Enola Holmes 2,None,Moderate,None,Mild,Moderate
tt14715170,Falling for Christmas,None,None,None,Mild,None
tt9114286,Black Panther: Wakanda Forever,None,Moderate,Mild,None,Moderate
tt15334032,Raymond & Ray,Mild,Mild,Moderate,Mild,Mild
tt11198330,House of the Dragon,Severe,Severe,Severe,Mild,Severe
tt4123432,Fantastic Beasts: The Secrets of Dumbledore,None,Mild,None,None,Moderate
tt1245492,This Is the End,Moderate,Severe,Severe,Severe,Moderate
tt5198068,Wolfwalkers,None,Mild,None,None,Mild
tt7349950,It: Chapter Two,Mild,Severe,Severe,Mild,Severe
tt1396484,It,Mild,Severe,Severe,Mild,Severe
tt1777606,Rosaline,None,Mild,Moderate,Mild,None
tt0144084,American Psycho,Severe,Severe,Severe,Severe,Severe
tt15318872,Werewolf by Night,None,Severe,Mild,None,Moderate
tt4595186,Luckiest Girl Alive,Moderate,Severe,Moderate,Mild,Severe
tt10268488,The Greatest Beer Run Ever,None,Moderate,Mild,Mild,Mild
tt8009428,Hustle,Mild,None,Moderate,None,Mild
tt2980592,The Guest,Mild,Severe,Moderate,Moderate,Moderate
tt11909878,Hocus Pocus 2,None,None,None,None,Mild
tt10687116,Entergalactic,Moderate,Mild,Severe,Severe,Mild
tt8912936,DC League of Super-Pets,None,Mild,Mild,None,Mild
tt0107120,Hocus Pocus,Mild,Mild,Mild,Mild,Mild
tt12262116,Thirteen Lives,None,Mild,Mild,Mild,Moderate
tt11691774,Only Murders in the Building,Mild,Moderate,Severe,Mild,Mild
tt4698684,Hunt for the Wilderpeople,Mild,Moderate,Moderate,Mild,Mild
tt14114802,The Outfit,None,Moderate,Severe,Mild,Moderate
tt13640696,See How They Run,None,Moderate,Mild,Mild,Mild
tt13327038,Do Revenge,Mild,Mild,Severe,Moderate,Mild
tt0461770,Enchanted,Mild,Mild,None,None,Mild
tt9639470,Last Night in Soho,Moderate,Moderate,Moderate,Moderate,Severe
tt3704428,Elvis,Mild,None,Moderate,Moderate,Mild
tt1234721,RoboCop,Mild,Moderate,Mild,Mild,Moderate
tt0101862,Father of the Bride,Mild,None,None,Mild,None
tt1694423,MasterChef USA,None,Mild,Mild,None,None
tt0499549,Avatar,Mild,Moderate,Moderate,Mild,Moderate
tt6710474,Everything Everywhere All at Once,Moderate,Moderate,Moderate,Mild,Mild
tt11083552,Wrath of Man,Mild,Severe,Severe,Mild,Severe
tt10298810,Lightyear,Mild,Mild,None,None,Mild
tt11866324,Prey,None,Severe,None,Mild,Moderate
tt2179136,American Sniper,Mild,Severe,Severe,Mild,Severe
tt6048922,Greyhound,None,Moderate,Mild,None,Moderate
tt10370710,The Worst Person in the World,Moderate,None,Mild,Moderate,Mild
tt0386676,The Office,Mild,None,Mild,Mild,None
tt0409459,Watchmen,Severe,Severe,Severe,Mild,Severe
tt15325794,Fall,None,Moderate,Moderate,Mild,Moderate
tt5013056,Dunkirk,None,Moderate,Moderate,Mild,Severe
tt1998372,Under the Banner of Heaven,Moderate,Moderate,Mild,None,Moderate
tt10954984,Nope,None,Moderate,Severe,Mild,Severe
tt0134119,The Talented Mr. Ripley,Mild,Moderate,Mild,Mild,Moderate
tt0086567,WarGames,None,None,Mild,Mild,Mild
tt5034838,Godzilla vs. Kong,None,Moderate,Mild,Mild,Moderate
tt0104348,Glengarry Glen Ross,None,None,Severe,Mild,None
tt11245972,Scream,Mild,Severe,Severe,Mild,Severe
tt0116629,Independence Day,Mild,Moderate,Mild,Mild,Moderate
tt1856101,Blade Runner 2049,Moderate,Moderate,Moderate,Mild,Moderate
tt1464335,Uncharted,None,Mild,Mild,Mild,Mild
tt1649418,The Gray Man,None,Severe,Moderate,None,Moderate
tt0388644,The Staircase,Moderate,Severe,Severe,Mild,Moderate
tt10648342,Thor: Love and Thunder,Mild,Moderate,Mild,None,Mild
tt2866360,Coherence,None,Mild,Moderate,Moderate,Moderate
tt11671006,The Man from Toronto,Mild,Moderate,Moderate,None,Mild
tt2304589,Defending Jacob,Mild,Mild,Moderate,Mild,Mild
tt0128853,You've Got Mail,None,None,Mild,Mild,None
tt0783233,Atonement,Mild,Moderate,Moderate,Mild,Moderate
tt0268978,A Beautiful Mind,Mild,Mild,Mild,Mild,Moderate
tt8041270,Jurassic World: Dominion,None,Moderate,Mild,None,Moderate
tt0790636,Dallas Buyers Club,Severe,Moderate,Severe,Severe,Moderate
tt1250777,Kick-Ass,Moderate,Severe,Severe,Moderate,Moderate
tt5164214,Ocean's Eight,Mild,None,Mild,Mild,None
tt8385148,Hitman's Wife's Bodyguard,Moderate,Severe,Severe,Mild,Moderate
tt4701182,Bumblebee,None,Moderate,Mild,None,Mild
tt0093779,The Princess Bride,None,Mild,Mild,None,Mild
tt13320622,The Lost City,Mild,Mild,Mild,Mild,Mild
tt5164432,"Love, Simon",Mild,None,Mild,Mild,None
tt0947798,Black Swan,Moderate,Severe,Moderate,Moderate,Severe
tt13640670,Man vs. Bee,Mild,Mild,None,None,Mild
tt9783600,Spiderhead,Moderate,Moderate,Moderate,Moderate,Moderate
tt8466564,Obi-Wan Kenobi,None,Moderate,None,Mild,Moderate
tt2126355,San Andreas,None,Moderate,Mild,None,Moderate
tt1483013,Oblivion,Mild,Moderate,Mild,Mild,Mild
tt0104257,A Few Good Men,None,Mild,Moderate,Mild,Mild
tt13352968,"Good Luck to You, Leo Grande",Severe,None,Mild,Mild,None
tt2278388,The Grand Budapest Hotel,Moderate,Moderate,Moderate,Mild,Mild
tt0086200,Risky Business,Moderate,None,Moderate,Moderate,None
tt0098635,When Harry Met Sally...,Mild,None,Moderate,Mild,None
tt19704638,Our Father,Moderate,None,Moderate,Mild,Mild
tt1745960,Top Gun: Maverick,None,Mild,Moderate,Mild,Moderate
tt1434447,Rocket Singh: Salesman of the Year,Mild,None,None,Mild,None
tt1877830,The Batman,Mild,Moderate,Moderate,Moderate,Severe
tt10234724,Moon Knight,None,Moderate,Mild,None,Moderate
tt4123430,Fantastic Beasts: The Crimes of Grindelwald,None,Moderate,None,Mild,Moderate
tt7126948,Wonder Woman 1984,Mild,Mild,Mild,None,Mild
tt6111574,The Woman in the Window,None,Moderate,Moderate,Moderate,Moderate
tt0111161,The Shawshank Redemption,Mild,Moderate,Severe,Mild,Moderate
tt0286716,Hulk,Mild,Moderate,Mild,None,Moderate
tt0800080,The Incredible Hulk,Mild,Moderate,Mild,Mild,Moderate
tt9059760,Normal People,Severe,Mild,Moderate,Mild,Mild
tt3397884,Sicario,Mild,Severe,Severe,Moderate,Severe
tt13403046,Fresh,Moderate,Severe,Severe,Moderate,Severe
tt10366460,CODA,Mild,None,Moderate,Mild,None
tt11286314,Don't Look Up,Moderate,Mild,Severe,Moderate,Mild
tt11271038,Licorice Pizza,Mild,None,Moderate,Mild,None
tt1905041,Fast & Furious 6,Mild,Moderate,Moderate,Mild,Moderate
tt0405159,Million Dollar Baby,None,Moderate,Moderate,Mild,Moderate
tt5433138,F9: The Fast Saga,None,Moderate,Mild,Mild,Mild
tt2180339,Deep Water,Moderate,Moderate,Moderate,Mild,Mild
tt3526078,Schitt's Creek,Mild,None,Moderate,Mild,None
tt0332280,The Notebook,Moderate,Mild,Mild,Mild,Mild
tt5555260,This Is Us,Mild,None,Mild,Mild,Mild
tt1160419,Dune: Part One,None,Moderate,Mild,Mild,Moderate
tt2463208,The Adam Project,Mild,Mild,Mild,None,Mild
tt12801262,Luca,None,Mild,None,None,Mild
tt8097030,Turning Red,Mild,Mild,Mild,None,Mild
tt6856242,The King's Man,Mild,Severe,Moderate,Mild,Moderate
tt12789558,Belfast,None,Mild,Mild,Mild,Moderate
tt11893274,Downfall: The Case Against Boeing,None,None,None,None,Mild
tt3581652,West Side Story,Mild,Moderate,Mild,Mild,Moderate
tt2674426,Me Before You,Mild,None,Mild,Mild,Mild
tt5096470,Love Wedding Repeat,Mild,None,Moderate,Mild,None
tt1618434,Murder Mystery,Mild,Mild,Mild,Mild,Mild
tt2442560,Peaky Blinders,Severe,Severe,Severe,Severe,Severe
tt7657566,Death on the Nile,Mild,Moderate,Mild,Mild,Moderate
tt10293406,The Power of the Dog,Moderate,Moderate,Mild,Moderate,Mild
tt2953050,Encanto,None,Mild,None,None,Mild
tt8106534,6 Underground,Moderate,Severe,Severe,Mild,Severe
tt9421570,The Guilty,None,None,Severe,None,Moderate
tt3488710,The Walk,Mild,Mild,Mild,Mild,Moderate
tt9098872,The Rescue,None,None,Mild,Mild,Moderate
tt0097958,National Lampoon's Christmas Vacation,Mild,Mild,Moderate,Mild,None
tt1878870,The Edge of Seventeen,Moderate,Mild,Moderate,Mild,Mild
tt0103874,Dracula,Severe,Severe,Mild,Mild,Severe
tt8368512,The Courier,Mild,Mild,Mild,Mild,Mild
tt7740496,Nightmare Alley,Mild,Severe,Moderate,Moderate,Moderate
tt16116174,Harry Potter 20th Anniversary: Return to Hogwarts,None,None,None,None,None
tt11337862,Friends: The Reunion,None,None,Mild,None,None
tt0289879,The Butterfly Effect,Moderate,Severe,Severe,Moderate,Severe
tt3498820,Captain America: Civil War,None,Moderate,Mild,Mild,Moderate
tt1302006,The Irishman,None,Severe,Severe,Moderate,Moderate
tt0112384,Apollo 13,Mild,None,Mild,Mild,Mild
tt1631867,Edge of Tomorrow,Mild,Moderate,Mild,Mild,Moderate
tt1562872,Zindagi Na Milegi Dobara,Mild,None,Mild,Mild,None
tt2582802,Whiplash,None,Mild,Severe,Mild,Moderate
tt1518542,Sarabhai V/S Sarabhai,None,None,None,Mild,None
tt2381249,Mission: Impossible - Rogue Nation,Mild,Moderate,Mild,None,Moderate
tt1229238,Mission: Impossible - Ghost Protocol,Mild,Moderate,Mild,Mild,Moderate
tt0976026,Cheeni Kum,None,None,Mild,Mild,Mild
tt0870154,Jungle Cruise,None,Moderate,None,Mild,Moderate
tt0338013,Eternal Sunshine of the Spotless Mind,Mild,Mild,Moderate,Mild,Mild
tt11540284,8-Bit Christmas,None,Mild,Mild,None,None
tt0066327,Santa Claus Is Comin' to Town,None,None,None,None,Mild
tt10160804,Hawkeye,None,Moderate,Mild,Mild,Mild
tt10872600,Spider-Man: No Way Home,None,Moderate,Mild,None,Moderate
tt14315756,Single All the Way,None,None,None,Mild,None
tt0319343,Elf,Mild,Mild,Mild,Mild,None
tt10187208,A Boy Called Christmas,None,Mild,None,None,Mild
tt7991608,Red Notice,Mild,Mild,Moderate,None,Mild
tt0338348,The Polar Express,None,None,None,None,Mild
tt8721424,"tick, tick... BOOM!",Mild,None,Mild,Mild,None
tt9620288,King Richard,None,Moderate,Moderate,Mild,Mild
tt3480822,Black Widow,None,Moderate,Mild,Mild,Moderate
tt2097298,"McFarland, USA",None,Mild,Mild,Mild,Mild
tt0993840,Army of the Dead,Mild,Severe,Severe,Mild,Severe
tt1070874,The Trial of the Chicago 7,None,Moderate,Moderate,Mild,Mild
tt13024674,Army of Thieves,None,Mild,Moderate,None,Mild
tt0067992,Willy Wonka & the Chocolate Factory,None,Mild,None,Mild,Moderate
tt0338094,The Haunted Mansion,Mild,Mild,Mild,Mild,Moderate
tt1385826,The Adjustment Bureau,Mild,Mild,Mild,Mild,Mild
tt5606664,Doctor Sleep,Mild,Severe,Moderate,Moderate,Severe
tt7668870,Searching,None,Mild,Mild,Mild,Mild
tt0454848,Inside Man,Mild,Moderate,Severe,Mild,Moderate
tt2382320,No Time to Die,Mild,Moderate,Mild,Mild,Moderate
tt9376612,Shang-Chi and the Legend of the Ten Rings,None,Moderate,Mild,Mild,Mild
tt0415306,Talladega Nights: The Ballad of Ricky Bobby,Mild,Mild,Moderate,Moderate,None
tt11852724,Stanley Tucci: Searching for Italy,None,None,Mild,Mild,None
tt9484998,Palm Springs,Moderate,Mild,Severe,Moderate,Mild
tt3495030,Dum Laga Ke Haisha,Mild,None,None,Mild,Mild
tt3228774,Cruella,None,Mild,Mild,Mild,Mild
tt6264654,Free Guy,Mild,Moderate,Moderate,None,Mild
tt10168312,What If...?,None,Moderate,Mild,Mild,Moderate
tt0106977,The Fugitive,Mild,Moderate,Mild,Mild,Moderate
tt2397535,Predestination,Moderate,Moderate,Moderate,Mild,Mild
tt3896198,Guardians of the Galaxy Vol. 2,Mild,Moderate,Mild,Mild,Moderate
tt0103064,Terminator 2: Judgment Day,Mild,Severe,Moderate,Mild,Moderate
tt2452244,Isn't It Romantic,Mild,Mild,Mild,Mild,None
tt9777666,The Tomorrow War,None,Moderate,Mild,Mild,Moderate
tt8510382,High School Musical: The Musical: The Series,None,None,Mild,None,None
tt1392214,Prisoners,None,Severe,Severe,Mild,Severe
tt1321510,In the Heights,Mild,None,Mild,Mild,None
tt5109280,Raya and the Last Dragon,None,Mild,None,None,Mild
tt0258463,The Bourne Identity,Mild,Moderate,Moderate,Mild,Moderate
tt0107798,The Pelican Brief,Mild,Moderate,Mild,Mild,Mild
tt0118884,Contact,Mild,Mild,Mild,Mild,Mild
tt9331982,The Imagineering Story,None,None,None,None,None
tt0107290,Jurassic Park,None,Moderate,Mild,Mild,Moderate
tt8760280,Finding You,None,None,Mild,Mild,None
tt2235695,Rebecca,Mild,None,None,Mild,Mild
tt7737786,Greenland,None,Moderate,Mild,None,Moderate
tt1189340,The Lincoln Lawyer,Mild,Moderate,Moderate,Moderate,Moderate
tt1453405,Monsters University,None,None,None,None,Mild
tt0198781,"Monsters, Inc.",None,Mild,None,None,Mild
tt7979580,The Mitchells vs. the Machines,None,Mild,None,None,Mild
tt0042332,Cinderella,None,Mild,None,None,Mild
tt0096754,The Abyss,Mild,Mild,Moderate,None,Moderate
tt10288566,Another Round,Mild,Mild,Mild,Severe,Mild
tt9208876,The Falcon and the Winter Soldier,None,Moderate,Mild,Mild,Moderate
tt0758766,Music and Lyrics,Mild,None,Mild,None,None
tt9664108,Voyagers,Mild,Moderate,Mild,None,Mild
tt3741700,Godzilla: King of the Monsters,None,Moderate,Moderate,None,Moderate
tt2975590,Batman v Superman: Dawn of Justice,Mild,Moderate,Moderate,Mild,Moderate
tt10986410,Ted Lasso,Mild,None,Severe,Mild,None
tt12361974,Zack Snyder's Justice League,None,Moderate,Mild,Mild,Moderate
tt1083452,Eddie the Eagle,Mild,Mild,Mild,Mild,Mild
tt8637428,The Farewell,None,None,Mild,Mild,None
tt9140560,WandaVision,None,Mild,None,None,Moderate
tt1086064,Bill & Ted Face the Music,None,Mild,Mild,Mild,Mild
tt12688688,Tiger,Moderate,Mild,Moderate,Moderate,Severe
tt11169050,Supernova,Mild,None,Mild,Mild,None
tt0352248,Cinderella Man,None,Moderate,Moderate,Mild,Moderate
tt10016180,The Little Things,Moderate,Moderate,Moderate,Mild,Moderate
tt0116209,The English Patient,Moderate,Moderate,Mild,Mild,Moderate
tt3661210,The Dig,Mild,None,None,Mild,Mild
tt3731562,Kong: Skull Island,None,Moderate,Moderate,None,Moderate
tt2584384,Jojo Rabbit,None,Mild,Moderate,Mild,Moderate
tt0062622,2001: A Space Odyssey,None,Mild,None,None,Moderate
tt12873192,India from Above,None,None,None,None,None
tt1327773,The Butler,Mild,Moderate,Moderate,Mild,Moderate
tt0138524,Intolerable Cruelty,Mild,Mild,Mild,Mild,None
tt0974015,Justice League,Mild,Moderate,Mild,Mild,Mild
tt9606374,On the Rocks,None,None,Mild,Mild,None
tt4779682,The Meg,None,Moderate,Mild,Mild,Moderate
tt1677720,Ready Player One,Mild,Moderate,Moderate,None,Mild
tt0039628,Miracle on 34th Street,None,None,None,Mild,None
tt9308382,The High Note,None,None,Mild,None,None
tt10199914,The Boys in the Band,Moderate,None,Severe,Moderate,None
tt1907668,Flight,Severe,Moderate,Severe,Severe,Moderate
tt1049413,Up,None,Mild,None,None,Moderate
tt2948372,Soul,None,None,None,None,Mild
tt1375666,Inception,None,Moderate,Mild,Mild,Moderate
tt6723592,Tenet,None,Moderate,Mild,Mild,Moderate
tt11057644,The Christmas Chronicles: Part Two,None,Mild,None,None,Mild
tt0099785,Home Alone,None,Mild,Mild,Mild,Mild
tt8522006,Happiest Season,Mild,None,None,Mild,None
tt0457939,The Holiday,Mild,None,Mild,Mild,None
tt0286788,What a Girl Wants,Mild,None,None,None,None
tt5097410,Noelle,None,None,None,None,None
tt2990140,The Christmas Chronicles,None,Mild,Mild,Mild,Mild
tt9866072,Holidate,Moderate,Mild,Moderate,Mild,None
tt11015214,Class Action Park,Mild,Mild,Severe,Mild,Mild
tt0087332,Ghostbusters,Mild,Mild,Mild,Mild,Mild
tt5052448,Get Out,Mild,Severe,Severe,Mild,Severe
tt1259521,The Cabin in the Woods,Moderate,Severe,Moderate,Moderate,Severe
tt13143964,Borat Subsequent Moviefilm,Severe,Mild,Moderate,None,None
tt0443453,Borat,Severe,Mild,Moderate,Mild,Mild
tt1409024,Men in Black³,Mild,Moderate,Mild,Mild,Moderate
tt6473066,Clouds,Mild,None,Mild,None,Moderate
tt0094006,Some Kind of Wonderful,Mild,Mild,Moderate,Mild,None
tt1051906,The Invisible Man,None,Severe,Moderate,Mild,Severe
tt8688634,21 Bridges,None,Severe,Severe,Moderate,Moderate
tt7846844,Enola Holmes,None,Mild,None,None,Mild
tt0047396,Rear Window,Mild,Mild,None,Mild,Mild
tt0167261,The Lord of the Rings: The Two Towers,None,Moderate,None,Mild,Moderate
tt4955642,The Good Place,Mild,Mild,Mild,Mild,None
tt0051201,Witness for the Prosecution,None,Mild,None,Mild,Mild
tt7798634,Ready or Not,None,Severe,Severe,Moderate,Moderate
tt8206668,Bad Education,Mild,None,Moderate,Mild,None
tt4566758,Mulan,None,Mild,None,None,Mild
tt6394270,Bombshell,Mild,None,Moderate,None,Mild
tt8544498,The Way Back,None,Mild,Severe,Severe,Mild
tt2980648,The Hundred-Foot Journey,None,Mild,Mild,Mild,Mild
tt0120737,The Lord of the Rings: The Fellowship of the Ring,None,Moderate,None,Mild,Moderate
tt0795421,Mamma Mia!,Mild,None,Mild,Mild,None
tt0126029,Shrek,Mild,Mild,Mild,Mild,Mild
tt0317219,Cars,None,None,None,None,Mild
tt8503618,Hamilton,Mild,Mild,Moderate,Mild,Mild
tt0878804,The Blind Side,Mild,Mild,Mild,Mild,Mild
tt9243946,El Camino,None,Moderate,Moderate,Moderate,Moderate
tt0119978,The Rainmaker,Mild,Mild,Mild,Mild,Mild
tt3829868,Looking for Alaska,Mild,Mild,Moderate,Moderate,Mild
tt1454029,The Help,None,Mild,Moderate,Mild,Mild
tt8760684,Apollo 11,None,None,None,None,None
tt0120647,Deep Impact,None,Mild,Moderate,Mild,Moderate
tt9612516,Space Force,None,None,Moderate,Mild,None
tt0448115,Shazam!,None,Moderate,Mild,Mild,Moderate
tt1190634,The Boys,Severe,Severe,Severe,Severe,Severe
tt0119282,Hercules,Mild,Mild,None,Mild,Mild
tt5580266,The Hate U Give,None,Moderate,Moderate,Mild,Severe
tt8079248,Yesterday,Mild,Mild,Mild,Mild,None
tt7349662,BlacKkKlansman,Mild,Moderate,Severe,Mild,Moderate
tt0257044,Road to Perdition,None,Moderate,Moderate,Mild,Moderate
tt5503686,Hustlers,Moderate,Mild,Moderate,Severe,Mild
tt8404614,The Two Popes,None,Mild,Mild,Mild,Mild
tt0096928,Bill & Ted's Excellent Adventure,Mild,Mild,Mild,Mild,None
tt0117887,That Thing You Do!,None,None,Mild,Mild,None
tt1598778,Contagion,None,Moderate,Mild,Mild,Moderate
tt1981128,Geostorm,Mild,Mild,Mild,None,Moderate
tt0147800,10 Things I Hate About You,Mild,Mild,Mild,Mild,None
tt1135503,Julie & Julia,Mild,None,Mild,Mild,None
tt7775622,Free Solo,None,None,Mild,None,Moderate
tt3881784,Stronger,Moderate,Moderate,Severe,Moderate,Moderate
tt2503944,Burnt,Mild,Mild,Severe,Mild,Mild
tt1401152,Unknown,Mild,Moderate,Mild,Mild,Moderate
tt1821694,RED 2,Mild,Moderate,Moderate,Mild,Mild
tt1981115,Thor: The Dark World,Mild,Moderate,Mild,None,Mild
tt0311429,The League of Extraordinary Gentlemen,None,Moderate,Mild,Mild,Mild
tt0338526,Van Helsing,Mild,Moderate,Mild,Mild,Moderate
tt4364194,The Peanut Butter Falcon,None,Mild,Moderate,Mild,Mild
tt7366338,Chernobyl,Mild,Moderate,Mild,Mild,Severe
tt5687612,Fleabag,Moderate,Mild,Severe,Moderate,Mild
tt2948356,Zootopia,None,Mild,None,Mild,Mild
tt1772341,Wreck-It Ralph,None,Mild,None,Mild,Mild
tt0088847,The Breakfast Club,Mild,Mild,Moderate,Moderate,None
tt6266538,Vice,Mild,Moderate,Moderate,Mild,Moderate
tt4209788,Molly's Game,None,Mild,Moderate,Moderate,Moderate
tt0210945,Remember the Titans,None,Mild,Mild,None,Mild
tt4912910,Mission: Impossible - Fallout,None,Moderate,Moderate,None,Moderate
tt6320628,Spider-Man: Far from Home,None,Moderate,Mild,None,Moderate
tt6285944,The Banker,None,None,Mild,Moderate,Mild
tt0091042,Ferris Bueller's Day Off,Mild,Mild,Moderate,Mild,None
tt0454921,The Pursuit of Happyness,None,None,Mild,Mild,Mild
tt0114709,Toy Story,None,Mild,None,None,Mild
tt0109830,Forrest Gump,Moderate,Moderate,Moderate,Moderate,Moderate
tt0103241,What About Bob?,None,Mild,Mild,None,None
tt2096673,Inside Out,None,None,None,None,Mild
tt6450804,Terminator: Dark Fate,Mild,Moderate,Moderate,Mild,Moderate
tt0398286,Tangled,None,Mild,None,Mild,Mild
tt7767422,Sex Education,Severe,Mild,Severe,Moderate,Mild
tt1675434,The Intouchables,Mild,Mild,Moderate,Moderate,Mild
tt1489887,Booksmart,Moderate,None,Severe,Moderate,None
tt0332379,School of Rock,None,None,Mild,Mild,None
tt5884052,Pokémon: Detective Pikachu,None,Mild,Mild,Mild,Mild
tt0910970,WALL·E,None,Mild,None,None,Mild
tt0097757,The Little Mermaid,Mild,Mild,None,None,Mild
tt7146812,Onward,None,Mild,None,None,Mild
tt1285241,Don 2,None,Moderate,Mild,Mild,Moderate
tt0461936,Don,Mild,Moderate,Mild,Moderate,Mild
tt8367814,The Gentlemen,Mild,Moderate,Severe,Moderate,Mild
tt4916630,Just Mercy,None,Mild,Mild,Mild,Moderate
tt8579674,1917.0,None,Severe,Moderate,Mild,Severe
tt6751668,Parasite,Moderate,Severe,Moderate,Mild,Moderate
tt0458339,Captain America: The First Avenger,Mild,Moderate,Mild,None,Mild
tt7653254,Marriage Story,Mild,Mild,Moderate,Mild,Mild
tt0810900,High School Musical 2,None,None,None,None,None
tt8111088,The Mandalorian,None,Moderate,None,None,Moderate
tt1255919,Holmes & Watson,Mild,Mild,Moderate,Moderate,Mild
tt0309698,Identity,None,Severe,Moderate,None,Moderate
tt0120762,Mulan,Mild,Mild,None,None,Mild
tt2527338,Star Wars: Episode IX - The Rise of Skywalker,None,Moderate,Mild,None,Moderate
tt3281548,Little Women,None,None,None,Mild,None
tt4520988,Frozen II,None,Mild,None,None,Mild
tt2283336,Men in Black: International,Mild,Mild,Mild,Mild,Mild
tt0120912,Men in Black II,Mild,Moderate,Mild,Mild,Mild
tt0119654,Men in Black,Mild,Moderate,Moderate,Mild,Moderate
tt2709692,The Grinch,None,None,None,None,None
tt3224458,A Beautiful Day in the Neighborhood,None,None,Mild,None,None
tt7131622,Once Upon a Time... in Hollywood,Mild,Severe,Severe,Moderate,Moderate
tt0430634,Stick It,None,None,Mild,Mild,None
tt2294629,Frozen,None,Mild,None,None,Mild
tt0107688,The Nightmare Before Christmas,None,Mild,None,None,Moderate
tt4729430,Klaus,None,None,None,None,Mild
tt3920596,Big Little Lies,Severe,Moderate,Moderate,Mild,Moderate
tt0093748,"Planes, Trains & Automobiles",Mild,None,Moderate,Mild,None
tt8262802,The Holiday Calendar,None,None,None,None,None
tt8623904,Last Christmas,Mild,None,Mild,Mild,None
tt0081505,The Shining,Moderate,Severe,Moderate,Mild,Severe
tt0094137,Three Men and a Baby,Mild,None,Mild,Mild,Mild
tt0481141,No Reservations,Mild,Mild,Mild,Mild,Mild
tt1454468,Gravity,None,Moderate,Mild,None,Moderate
tt1560220,Zombieland: Double Tap,Mild,Severe,Severe,Moderate,Moderate
tt7286456,Joker,Mild,Severe,Moderate,Moderate,Severe
tt3846674,To All the Boys I've Loved Before,Mild,None,Mild,None,None
tt2066051,Rocketman,Moderate,Mild,Moderate,Severe,Moderate
tt9358228,Untouchable,Mild,Mild,Moderate,None,Severe
tt8130968,Badla,None,Mild,None,Mild,Mild
tt0852713,The House Bunny,Mild,None,Moderate,Mild,None
tt0093010,Fatal Attraction,Moderate,Moderate,Moderate,Mild,Severe
tt6806448,Fast & Furious Presents: Hobbs & Shaw,Mild,Moderate,Moderate,Mild,Moderate
tt6105098,The Lion King,None,Mild,None,None,Moderate
tt2883512,Chef,None,None,Moderate,Mild,None
tt1979376,Toy Story 4,None,Mild,None,None,Mild
tt0383216,The Pink Panther,Mild,Mild,Mild,Mild,None
tt1411238,No Strings Attached,Moderate,Mild,Moderate,Mild,None
tt1673434,The Twilight Saga: Breaking Dawn - Part 2,Moderate,Severe,Mild,None,Moderate
tt1324999,The Twilight Saga: Breaking Dawn - Part 1,Moderate,Moderate,None,Mild,Severe
tt2085059,Black Mirror,Severe,Severe,Severe,Mild,Severe
tt6628394,Bad Times at the El Royale,Mild,Severe,Moderate,Moderate,Moderate
tt0361748,Inglourious Basterds,Mild,Severe,Severe,Mild,Severe
tt6139732,Aladdin,None,Mild,None,None,Mild
tt0944947,Game of Thrones,Severe,Severe,Severe,Moderate,Severe
tt2798920,Annihilation,Mild,Severe,Moderate,Mild,Severe
tt1219289,Limitless,Moderate,Moderate,Moderate,Severe,Moderate
tt0280707,Gosford Park,Mild,Mild,Mild,Mild,None
tt4881806,Jurassic World: Fallen Kingdom,None,Moderate,Mild,Mild,Moderate
tt3460252,The Hateful Eight,Moderate,Severe,Severe,Mild,Moderate
tt0063404,Padosan,None,None,None,None,None
tt0988045,Sherlock Holmes,Mild,Moderate,Mild,Mild,Moderate
tt1515091,Sherlock Holmes: A Game of Shadows,Mild,Moderate,Mild,Moderate,Moderate
tt2481498,"Extremely Wicked, Shockingly Evil and Vile",Moderate,Moderate,Moderate,Moderate,Moderate
tt1051904,Goosebumps,None,Mild,Mild,None,Moderate
tt3209826,Patel Ki Punjabi Shaadi,None,Mild,Mild,Mild,Mild
tt1259571,The Twilight Saga: New Moon,Mild,Mild,None,None,Moderate
tt3159708,Welcome Back,Mild,Moderate,None,None,Mild
tt0357413,Anchorman: The Legend of Ron Burgundy,Moderate,Mild,Moderate,Mild,Mild
tt0290095,The Tuxedo,Mild,Mild,Mild,Mild,Mild
tt2194499,About Time,Mild,Mild,Moderate,Mild,Mild
tt0280720,The Guru,Moderate,None,Severe,Mild,None
tt1279935,Date Night,Mild,Mild,Moderate,Mild,Mild
tt5712554,The Grand Tour,Mild,Mild,Moderate,Mild,None
tt3045616,Mortdecai,Mild,Mild,Moderate,Mild,None
tt2084970,The Imitation Game,Mild,Mild,Mild,Mild,Mild
tt3315342,Logan,Mild,Severe,Severe,Moderate,Severe
tt7098658,Raazi,Mild,Mild,None,Mild,Moderate
tt0375912,Layer Cake,Moderate,Severe,Severe,Severe,Moderate
tt0044079,Strangers on a Train,None,Mild,None,Mild,Moderate
tt0099088,Back to the Future Part III,None,Mild,Mild,Mild,Mild
tt0115685,The Birdcage,Mild,None,Moderate,Mild,None
tt0414982,Final Destination 3,Moderate,Severe,Severe,None,Severe
tt0195714,Final Destination,Mild,Severe,Moderate,Mild,Severe
tt0371724,The Hitchhiker's Guide to the Galaxy,None,Mild,Mild,Mild,Mild
tt3083008,The Program,None,None,Mild,Moderate,None
tt6921996,Johnny English Strikes Again,Mild,Mild,Mild,Mild,None
tt0167190,Hellboy,None,Moderate,Mild,Mild,Moderate
tt0114069,Outbreak,None,Moderate,Moderate,None,Moderate
tt7493974,Bodyguard,Moderate,Moderate,Moderate,Mild,Moderate
tt6077448,Sacred Games,Severe,Severe,Severe,Severe,Severe
tt0118541,8 Heads in a Duffel Bag,None,Mild,Severe,Mild,None
tt0331632,Scooby-Doo 2: Monsters Unleashed,None,Mild,Mild,Mild,Mild
tt7778680,Photograph,Mild,None,Mild,Mild,Mild
tt0276751,About a Boy,Mild,Mild,Moderate,Mild,Mild
tt0095031,Dirty Rotten Scoundrels,Mild,None,Mild,Mild,None
tt3778644,Solo: A Star Wars Story,None,Mild,Mild,Mild,Mild
tt0111503,True Lies,Mild,Moderate,Moderate,Mild,Moderate
tt2854926,Tag,Moderate,Mild,Severe,Moderate,None
tt8108198,Andhadhun,Mild,Moderate,Mild,Mild,Moderate
tt1714832,Do Dooni Chaar,None,None,Mild,None,Mild
tt0452623,Gone Baby Gone,Mild,Severe,Severe,Moderate,Moderate
tt6452574,Sanju,Moderate,Mild,Mild,Severe,Moderate
tt0437238,Hulchul,None,Moderate,None,None,None
tt1477834,Aquaman,None,Moderate,Mild,Mild,Mild
tt1638355,The Man from U.N.C.L.E.,Mild,Moderate,Mild,Mild,Mild
tt0381061,Casino Royale,Moderate,Moderate,Mild,Mild,Moderate
tt0240772,Ocean's Eleven,Mild,Mild,Moderate,Mild,Mild
tt0438488,Terminator Salvation,Mild,Moderate,Moderate,None,Moderate
tt0313911,Agent Cody Banks,Mild,Moderate,None,Mild,Moderate
tt0358349,Agent Cody Banks 2: Destination London,Mild,Mild,Mild,Mild,None
tt0327437,Around the World in 80 Days,Mild,Mild,None,Mild,Mild
tt4555426,Darkest Hour,None,Mild,Mild,Moderate,Mild
tt0259711,Vanilla Sky,Moderate,Moderate,Moderate,Mild,Moderate
tt2388771,Mowgli: Legend of the Jungle,None,Moderate,None,Mild,Moderate
tt6966692,Green Book,Mild,Mild,Moderate,Moderate,Mild
tt0078788,Apocalypse Now,Moderate,Severe,Severe,Moderate,Severe
tt0119217,Good Will Hunting,Mild,Mild,Severe,Mild,Mild
tt0088247,The Terminator,Moderate,Severe,Moderate,Mild,Moderate
tt0337978,Live Free or Die Hard,Mild,Moderate,Moderate,None,Moderate
tt1632701,Suits,Mild,Mild,Moderate,Moderate,None
tt1727824,Bohemian Rhapsody,Mild,None,Mild,Moderate,Mild
tt0216216,The 6th Day,Mild,Moderate,Moderate,Mild,Moderate
tt2788432,American Crime Story,Moderate,Severe,Severe,Moderate,Severe
tt0477348,No Country for Old Men,None,Severe,Mild,Mild,Severe
tt1213641,First Man,None,Mild,Mild,Mild,Moderate
tt0815236,She's Out of My League,Mild,Mild,Severe,Mild,None
tt1517451,A Star Is Born,Moderate,Mild,Severe,Severe,Moderate
tt0099810,The Hunt for Red October,None,Mild,Mild,Mild,Mild
tt4430212,Drishyam,Mild,Moderate,None,None,Moderate
tt5270948,Chappaquiddick,None,Mild,Mild,Mild,Moderate
tt1270797,Venom,Mild,Moderate,Moderate,Mild,Moderate
tt5607096,"Juliet, Naked",Mild,None,Moderate,Mild,None
tt5074352,Dangal,None,Mild,Mild,None,None
tt0116695,Jerry Maguire,Moderate,Mild,Moderate,Mild,None
tt5208252,Operation Finale,None,Moderate,Mild,Mild,Moderate
tt5463162,Deadpool 2,Moderate,Severe,Severe,Moderate,Moderate
tt3104988,Crazy Rich Asians,Mild,None,Mild,Mild,None
tt0368933,The Princess Diaries 2: Royal Engagement,None,None,None,None,None
tt0466460,Khosla Ka Ghosla!,None,None,Mild,Mild,None
tt0468569,The Dark Knight,None,Moderate,Mild,Mild,Severe
tt0470752,Ex Machina,Moderate,Moderate,Moderate,Moderate,Moderate
tt5783956,When We First Met,Mild,Mild,Moderate,Mild,None
tt0389860,Click,Moderate,Mild,Moderate,Mild,Mild
tt5095030,Ant-Man and the Wasp,None,Mild,Mild,None,Mild
tt3521126,The Disaster Artist,Moderate,None,Severe,Mild,None
tt1590193,The Commuter,None,Moderate,Moderate,Mild,Moderate
tt5286444,Neerja,None,Moderate,Mild,Mild,Severe
tt1632708,Friends with Benefits,Moderate,None,Moderate,Mild,None
tt0800039,Forgetting Sarah Marshall,Severe,Mild,Severe,Mild,None
tt5362988,Wind River,Moderate,Severe,Moderate,Mild,Severe
tt0859163,The Mummy: Tomb of the Dragon Emperor,Mild,Moderate,Mild,Mild,Moderate
tt0780536,In Bruges,Mild,Severe,Severe,Severe,Moderate
tt7363076,Raid,None,Mild,None,Mild,Mild
tt1605783,Midnight in Paris,None,None,Mild,Mild,None
tt0032138,The Wizard of Oz,None,Mild,None,None,Mild
tt4169250,M.S. Dhoni: The Untold Story,None,None,None,None,None
tt1392190,Mad Max: Fury Road,Mild,Moderate,Mild,Mild,Moderate
tt0120382,The Truman Show,None,None,Mild,Mild,Mild
tt0086190,Star Wars: Episode VI - Return of the Jedi,Mild,Mild,None,Mild,Mild
tt3647998,Taboo,Moderate,Severe,Moderate,Moderate,Moderate
tt2446042,Taken 3,Mild,Moderate,Moderate,Mild,Moderate
tt2140379,Self/less,Mild,Moderate,Moderate,Mild,Moderate
tt0343660,50 First Dates,Mild,Mild,Mild,Mild,Mild
tt3385516,X-Men: Apocalypse,Mild,Moderate,Mild,Mild,Moderate
tt0103772,Basic Instinct,Severe,Severe,Severe,Severe,Severe
tt0420304,Viruddh... Family Comes First,None,Moderate,Mild,Moderate,Moderate
tt0431308,P.S. I Love You,Mild,None,Mild,Mild,None
tt0265343,Monsoon Wedding,Mild,None,Mild,Moderate,Mild
tt0898266,The Big Bang Theory,Mild,None,Mild,Mild,None
tt0212985,Hannibal,Mild,Severe,Mild,Moderate,Severe
tt0432047,Sarkar,Mild,Moderate,Moderate,Mild,Moderate
tt5580036,"I, Tonya",Moderate,Moderate,Severe,Moderate,Moderate
tt3606756,Incredibles 2,None,Mild,Mild,Mild,Mild
tt1182345,Moon,Mild,Moderate,Moderate,None,Mild
tt0488120,Fracture,Mild,Moderate,Moderate,Mild,Mild
tt0361862,The Machinist,Moderate,Moderate,Moderate,Mild,Severe
tt1934231,Delhi Belly,Moderate,Moderate,Severe,Mild,Mild
tt0796302,The Babysitters,Moderate,Mild,Mild,Moderate,Mild
tt4154756,Avengers: Infinity War,None,Moderate,Mild,None,Moderate
tt3322420,Queen,Mild,None,Mild,Mild,None
tt0322330,Freaky Friday,Mild,None,Mild,None,None
tt0118689,Bean,Mild,Mild,Mild,Mild,None
tt0452694,The Time Traveler's Wife,Mild,Mild,Mild,Mild,Mild
tt1041829,The Proposal,Moderate,Mild,Mild,Mild,None
tt0251127,How to Lose a Guy in 10 Days,Mild,None,Mild,Mild,None
tt1365519,Tomb Raider,None,Moderate,Mild,Mild,Moderate
tt1843866,Captain America: The Winter Soldier,None,Moderate,Mild,Mild,Moderate
tt5580390,The Shape of Water,Moderate,Severe,Moderate,Mild,Moderate
tt2704998,Game Night,Mild,Moderate,Severe,Mild,Mild
tt0473367,Jaane Tu... Ya Jaane Na,None,Mild,Moderate,Mild,Mild
tt0117381,Primal Fear,Moderate,Moderate,Severe,Mild,Moderate
tt2675978,Dedh Ishqiya,Moderate,Mild,Moderate,Mild,Mild
tt0315642,Wazir,None,Moderate,Mild,Mild,Moderate
tt4786824,The Crown,Moderate,Mild,Mild,Mild,Mild
tt1954470,Gangs of Wasseypur,Mild,Severe,Severe,Severe,Severe
tt1340800,Tinker Tailor Soldier Spy,Moderate,Moderate,Moderate,Mild,Mild
tt3040964,The Jungle Book,None,Mild,None,None,Moderate
tt1840417,The Words,Mild,Mild,Mild,Mild,None
tt1825683,Black Panther,None,Moderate,Mild,None,Moderate
tt1931533,Seven Psychopaths,Moderate,Severe,Severe,Moderate,Moderate
tt2015381,Guardians of the Galaxy,Mild,Moderate,Moderate,Mild,Mild
tt0478970,Ant-Man,None,Mild,Mild,Mild,Mild
tt0317919,Mission: Impossible III,Mild,Moderate,Mild,Mild,Moderate
tt0450259,Blood Diamond,Mild,Severe,Moderate,Moderate,Severe
tt0121766,Star Wars: Episode III - Revenge of the Sith,None,Moderate,None,None,Moderate
tt3890160,Baby Driver,None,Moderate,Severe,Mild,Moderate
tt1959563,The Hitman's Bodyguard,Mild,Severe,Severe,Mild,Mild
tt0071562,The Godfather Part II,Mild,Severe,Moderate,Mild,Moderate
tt0378194,Kill Bill: Vol. 2,Mild,Severe,Severe,Moderate,Moderate
tt0266697,Kill Bill: Vol. 1,Mild,Severe,Severe,Mild,Moderate
tt0317740,The Italian Job,Mild,Mild,Moderate,Mild,Mild
tt1772288,Danny Collins,Mild,None,Severe,Moderate,None
tt0496806,Ocean's Thirteen,Mild,None,Mild,Mild,None
tt0434409,V for Vendetta,Mild,Severe,Moderate,Mild,Moderate
tt1485796,The Greatest Showman,None,None,None,Mild,Mild
tt5294550,All the Money in the World,Mild,Moderate,Moderate,Moderate,Moderate
tt6272828,Mubarakan,Mild,None,Mild,Mild,None
tt0259446,My Big Fat Greek Wedding,Mild,None,Mild,Mild,None
tt2283362,Jumanji: Welcome to the Jungle,Mild,Mild,Mild,Mild,Mild
tt2527336,Star Wars: Episode VIII - The Last Jedi,None,Moderate,Mild,Mild,Moderate
tt2488496,Star Wars: Episode VII - The Force Awakens,None,Moderate,Mild,None,Moderate
tt4574334,Stranger Things,Mild,Severe,Moderate,Mild,Severe
tt5462602,The Big Sick,Mild,None,Moderate,Mild,Mild
tt2380307,Coco,None,Mild,None,Mild,Mild
tt3682448,Bridge of Spies,None,Mild,Mild,Mild,Mild
tt1386697,Suicide Squad,Mild,Moderate,Moderate,Mild,Moderate
tt3531824,Nerve,Mild,Mild,Mild,Mild,Moderate
tt1954598,Ladies vs. Ricky Bahl,Moderate,Mild,Mild,Mild,None
tt3402236,Murder on the Orient Express,None,Moderate,Mild,Mild,Moderate
tt3501632,Thor: Ragnarok,Mild,Moderate,Mild,Mild,Mild
tt0064757,On Her Majesty's Secret Service,Mild,Moderate,Mild,Mild,Mild
tt4276820,The Founder,None,None,Mild,Mild,None
tt1442550,Shark Tank,None,None,Mild,None,None
tt0287717,Spy Kids 2: Island of Lost Dreams,None,Mild,Mild,Mild,Mild
tt3532216,American Made,Moderate,Mild,Severe,Moderate,Mild
tt0243155,Bridget Jones's Diary,Moderate,Mild,Moderate,Moderate,None
tt5816682,Victoria & Abdul,None,None,Mild,None,Mild
tt4649466,Kingsman: The Golden Circle,Moderate,Severe,Severe,Moderate,Moderate
tt1937269,One Small Hitch,Mild,None,Mild,Mild,Mild
tt6110504,Becoming Bond,Moderate,None,Severe,Moderate,None
tt0377092,Mean Girls,Mild,Mild,Moderate,Mild,Mild
tt2568862,Going in Style,Mild,Mild,Mild,Mild,Mild
tt5439796,Logan Lucky,None,Mild,Mild,Mild,Mild
tt2406566,Atomic Blonde,Moderate,Severe,Moderate,Moderate,Moderate
tt2879552,11.22.63,Mild,Moderate,Moderate,Mild,Moderate
tt4116284,The Lego Batman Movie,None,Mild,Mild,None,Mild
tt2250912,Spider-Man: Homecoming,Mild,Mild,Mild,None,Mild
tt5420376,Riverdale,Moderate,Moderate,Mild,Moderate,Moderate
tt0920464,Manorama: Six Feet Under,Mild,Mild,Mild,Moderate,Moderate
tt5442430,Life,None,Severe,Moderate,None,Severe
tt0451279,Wonder Woman,Mild,Moderate,Mild,Mild,Mild
tt5982852,Jolly LLB 2,Mild,Mild,Mild,None,Moderate
tt2369135,Need for Speed,Mild,Moderate,Moderate,Mild,Mild
tt0209163,The Mummy Returns,Mild,Moderate,Mild,None,Moderate
tt0076759,Star Wars: Episode IV - A New Hope,None,Mild,None,Mild,Mild
tt0120915,Star Wars: Episode I - The Phantom Menace,None,Mild,None,None,Mild
tt0121765,Star Wars: Episode II - Attack of the Clones,Mild,Moderate,None,Mild,Moderate
tt1663202,The Revenant,Mild,Severe,Moderate,Mild,Severe
tt3263904,Sully,None,Mild,Mild,Mild,Moderate
tt4387040,Airlift,None,Moderate,Mild,Mild,Severe
tt2621000,Jolly LLB,None,Mild,Moderate,Mild,Mild
tt1790809,Pirates of the Caribbean: Dead Men Tell No Tales,Mild,Moderate,Mild,Mild,Moderate
tt0072783,Chupke Chupke,Mild,Mild,None,Mild,None
tt0244590,Kissise Na Kehna,Mild,None,Mild,Mild,None
tt0244585,Khubsoorat,None,None,None,Mild,Mild
tt5764096,Hindi Medium,None,None,None,None,None
tt0918940,The Legend of Tarzan,Mild,Moderate,Mild,None,Mild
tt2582782,Hell or High Water,Mild,Moderate,Moderate,Mild,Moderate
tt2241351,Money Monster,Mild,Moderate,Severe,None,Moderate
tt1447508,Peepli [Live],None,Mild,Severe,Moderate,None
tt4630562,The Fate of the Furious,Mild,Moderate,Moderate,Mild,Moderate
tt0398165,The Longest Yard,Moderate,Moderate,Moderate,Mild,Mild
tt0829150,Dracula Untold,Mild,Moderate,None,None,Moderate
tt3393786,Jack Reacher: Never Go Back,None,Moderate,Mild,Mild,Mild
tt1504320,The King's Speech,None,None,Moderate,Mild,None
tt0116151,Dunston Checks In,Mild,Mild,Mild,Mild,None
tt0100405,Pretty Woman,Moderate,Mild,Moderate,Mild,Mild
tt1980929,Begin Again,Mild,None,Moderate,Mild,None
tt2404435,The Magnificent Seven,Mild,Moderate,Mild,Mild,Moderate
tt0101414,Beauty and the Beast,None,Mild,None,Mild,Mild
tt2771200,Beauty and the Beast,None,Mild,None,Mild,Mild
tt0119567,The Lost World: Jurassic Park,None,Moderate,Mild,Mild,Severe
tt0163025,Jurassic Park III,None,Moderate,Mild,Mild,Moderate
tt6277440,The Bride of Badrinath,None,Mild,Mild,Mild,Moderate
tt0068646,The Godfather,Moderate,Severe,Moderate,Mild,Moderate
tt1430132,The Wolverine,Mild,Moderate,Moderate,Mild,Moderate
tt4425200,John Wick: Chapter 2,Mild,Severe,Moderate,Mild,Severe
tt1034303,Defiance,Mild,Moderate,Moderate,Mild,Severe
tt4846340,Hidden Figures,None,None,Mild,Mild,Mild
tt3741834,Lion,Mild,Mild,None,Mild,Moderate
tt0382383,Yuva,Mild,Moderate,Moderate,Mild,Moderate
tt5310090,Irudhi Suttru,None,Mild,Moderate,None,Moderate
tt0083658,Blade Runner,Moderate,Moderate,Mild,Mild,Moderate
tt4136084,Florence Foster Jenkins,Mild,None,Mild,Mild,None
tt5165344,Rustom,Mild,Mild,Mild,Mild,Mild
tt0349205,Cheaper by the Dozen,None,Mild,None,Mild,None
tt4434004,Udta Punjab,Moderate,Moderate,Severe,Severe,Moderate
tt0095953,Rain Man,Mild,Mild,Moderate,Mild,Mild
tt3495026,Fan,None,Mild,Mild,None,Moderate
tt1475582,Sherlock,Mild,Moderate,Mild,Moderate,Moderate
tt0449088,Pirates of the Caribbean: At World's End,Mild,Moderate,Mild,Mild,Moderate
tt0079700,The Passage,Moderate,Moderate,None,Mild,Moderate
tt3631112,The Girl on the Train,Moderate,Moderate,Severe,Moderate,Moderate
tt0208092,Snatch,Mild,Moderate,Severe,Mild,Mild
tt0099685,GoodFellas,Mild,Severe,Severe,Severe,Severe
tt0166924,Mulholland Drive,Severe,Moderate,Mild,Mild,Severe
tt3521164,Moana,None,Mild,None,None,Mild
tt0167404,The Sixth Sense,Mild,Moderate,Mild,Mild,Moderate
tt0217869,Unbreakable,Mild,Moderate,Mild,Mild,Moderate
tt1355644,Passengers,Mild,Mild,Mild,Mild,Mild
tt2556308,Holiday,None,Moderate,Mild,Mild,Severe
tt3748528,Rogue One: A Star Wars Story,None,Moderate,None,None,Moderate
tt1690953,Despicable Me 2,Mild,Mild,None,Mild,Mild
tt3110958,Now You See Me 2,None,Mild,Mild,Mild,Mild
tt2510894,Hotel Transylvania 2,None,Mild,None,None,Mild
tt0837562,Hotel Transylvania,None,Mild,None,None,Mild
tt0838221,The Darjeeling Limited,Mild,Mild,Moderate,Moderate,Mild
tt0378072,Hum Tum,None,None,Mild,Mild,None
tt1628033,Top Gear,None,Mild,Mild,Mild,None
tt3183660,Fantastic Beasts and Where to Find Them,None,Moderate,None,Mild,Moderate
tt0887883,Burn After Reading,Moderate,Moderate,Severe,Mild,Moderate
tt2660888,Star Trek Beyond,None,Moderate,Mild,Mild,Moderate
tt2543164,Arrival,None,Mild,Mild,None,Mild
tt1408101,Star Trek Into Darkness,Mild,Moderate,Mild,Mild,Moderate
tt0094525,Poirot,Mild,Moderate,Mild,Mild,Moderate
tt0796366,Star Trek,Mild,Moderate,Mild,Mild,Moderate
tt0488414,Omkara,Mild,Moderate,Severe,Mild,Severe
tt0408839,The Heartbreak Kid,Severe,None,Severe,Moderate,None
tt2905838,Bang Bang,Mild,Moderate,Mild,Mild,Moderate
tt1211837,Doctor Strange,None,Moderate,Mild,None,Moderate
tt3062096,Inferno,None,Moderate,Mild,None,Moderate
tt2707408,Narcos,Severe,Severe,Severe,Severe,Severe
tt2140479,The Accountant,None,Severe,Moderate,Mild,Moderate
tt0292490,Dil Chahta Hai,None,None,None,Mild,None
tt0092099,Top Gun,Mild,Mild,Moderate,Mild,Mild
tt0325980,Pirates of the Caribbean: The Curse of the Black Pearl,Mild,Moderate,Mild,Moderate,Moderate
tt0250494,Legally Blonde,Mild,Mild,Mild,None,None
tt2005151,War Dogs,Mild,Moderate,Severe,Severe,Mild
tt0320691,Underworld,Mild,Severe,Mild,Mild,Severe
tt0337563,13 Going on 30,Mild,None,Mild,Mild,None
tt4651520,Bad Moms,Moderate,None,Severe,Severe,None
tt1323594,Despicable Me,None,Mild,None,None,Mild
tt0808146,American Pie Presents: The Naked Mile,Severe,None,Severe,Moderate,None
tt0903747,Breaking Bad,Moderate,Severe,Moderate,Severe,Severe
tt1489889,Central Intelligence,Moderate,Moderate,Moderate,Mild,Mild
tt2277860,Finding Dory,None,None,None,None,Mild
tt0472399,The Mechanic,Moderate,Severe,Moderate,Moderate,Moderate
tt2170439,Horrible Bosses 2,Moderate,Moderate,Severe,Mild,None
tt1499658,Horrible Bosses,Moderate,Mild,Severe,Mild,None
tt0109831,Four Weddings and a Funeral,Mild,None,Moderate,Mild,None
tt2911666,John Wick,None,Severe,Severe,Mild,Moderate
tt0081163,The Mirror Crack'd,Mild,Mild,Mild,Mild,None
tt2381111,Brooklyn,Mild,None,Mild,Mild,Mild
tt0097165,Dead Poets Society,Mild,Mild,Mild,Mild,Moderate
tt0119488,L.A. Confidential,Moderate,Severe,Severe,Moderate,Moderate
tt0108160,Sleepless in Seattle,Mild,None,Mild,Mild,None
tt0086250,Scarface,Moderate,Severe,Severe,Severe,Severe
tt0758774,Body of Lies,None,Severe,Moderate,Mild,Severe
tt1860213,Dirty Grandpa,Severe,Mild,Severe,Severe,None
tt2719848,Everest,None,Mild,None,Mild,Moderate
tt1355683,Black Mass,Mild,Severe,Severe,Moderate,Severe
tt0119174,The Game,Mild,Mild,Moderate,Mild,Moderate
tt3203606,Trumbo,Mild,None,Moderate,Moderate,None
tt0110357,The Lion King,None,Mild,None,None,Moderate
tt0107048,Groundhog Day,Mild,Mild,Mild,Mild,Mild
tt0104952,My Cousin Vinny,Mild,Mild,Moderate,Mild,None
tt0840361,The Town,Moderate,Severe,Severe,Moderate,Moderate
tt0118715,The Big Lebowski,Moderate,Mild,Severe,Moderate,Mild
tt4934950,Guilty,Mild,Moderate,Mild,Mild,Moderate
tt4900716,Kapoor & Sons,Mild,Mild,Mild,Mild,Moderate
tt2884018,Macbeth,Mild,Severe,None,Mild,Moderate
tt3447364,Detective Byomkesh Bakshy!,Mild,Severe,Mild,Mild,Moderate
tt1431045,Deadpool,Severe,Severe,Severe,Mild,Moderate
tt0120815,Saving Private Ryan,None,Severe,Moderate,Mild,Severe
tt0367110,Swades,None,None,None,Mild,None
tt0169547,American Beauty,Severe,Moderate,Severe,Moderate,Moderate
tt2361509,The Intern,Mild,None,Mild,Mild,None
tt3076658,Creed,Mild,Moderate,Moderate,None,Moderate
tt4110568,Dil Dhadakne Do,Mild,None,Mild,Mild,Mild
tt3173910,Hasee Toh Phasee,None,None,Mild,Mild,None
tt1185420,Dostana,Mild,None,Mild,Mild,None
tt1231583,Due Date,Mild,Mild,Severe,Moderate,Mild
tt0105323,Scent of a Woman,None,Mild,Moderate,Moderate,Mild
tt2379713,Spectre,Mild,Moderate,Mild,Mild,Moderate
tt0993846,The Wolf of Wall Street,Severe,Moderate,Severe,Severe,Moderate
tt2820852,Furious 7,Mild,Moderate,Moderate,Mild,Moderate
tt0061722,The Graduate,Moderate,Mild,Mild,Mild,Mild
tt0099423,Die Hard 2,Mild,Severe,Severe,Mild,Moderate
tt0362227,The Terminal,Mild,None,Mild,Mild,None
tt0087469,Indiana Jones and the Temple of Doom,Mild,Severe,Mild,Mild,Severe
tt0122690,Ronin,None,Moderate,Moderate,Mild,Mild
tt1325004,The Twilight Saga: Eclipse,Mild,Moderate,Mild,Mild,Moderate
tt0316654,Spider-Man 2,Mild,Moderate,Mild,Mild,Moderate
tt0295297,Harry Potter and the Chamber of Secrets,None,Mild,Mild,None,Moderate
tt1790885,Zero Dark Thirty,Mild,Severe,Severe,Mild,Severe
tt1980986,Housefull 2,Mild,Mild,Moderate,None,Mild
tt0116367,From Dusk Till Dawn,Moderate,Severe,Severe,Moderate,Severe
tt3659388,The Martian,Mild,Mild,Moderate,Mild,Mild
tt3895884,7 Days in Hell,Severe,Mild,Severe,Moderate,Mild
tt0425112,Hot Fuzz,Mild,Severe,Severe,Mild,Moderate
tt3713166,Unfriended,Moderate,Severe,Severe,Moderate,Severe
tt2967224,Hot Pursuit,Mild,Mild,Mild,Mild,Mild
tt2381941,Focus,Moderate,Moderate,Severe,Mild,Mild
tt0369610,Jurassic World,None,Moderate,Mild,Mild,Moderate
tt0054698,Breakfast at Tiffany's,Mild,None,None,Moderate,None
tt0117571,Scream,Mild,Severe,Moderate,Mild,Severe
tt1655441,The Age of Adaline,Mild,Mild,Mild,Mild,Mild
tt0278504,Insomnia,Mild,Moderate,Moderate,Mild,Moderate
tt1723121,We're the Millers,Moderate,Mild,Severe,Severe,None
tt1568346,The Girl with the Dragon Tattoo,Severe,Severe,Moderate,Mild,Severe
tt0405422,The 40-Year-Old Virgin,Severe,Mild,Severe,Moderate,None
tt0356910,Mr. & Mrs. Smith,Mild,Moderate,Moderate,Mild,Mild
tt1412386,The Best Exotic Marigold Hotel,Mild,None,Mild,Mild,None
tt2555736,The Second Best Exotic Marigold Hotel,Mild,None,Mild,Mild,Mild
tt1872194,The Judge,Mild,None,Moderate,Mild,None
tt0080684,Star Wars: Episode V - The Empire Strikes Back,None,Mild,None,None,Moderate
tt0053125,North by Northwest,Mild,Mild,None,Mild,Mild
tt3079380,Spy,Moderate,Severe,Severe,Mild,Mild
tt0113277,Heat,Mild,Severe,Severe,Mild,Moderate
tt0425061,Get Smart,Mild,Mild,Mild,None,Mild
tt1343092,The Great Gatsby,Mild,Mild,Mild,Moderate,Mild
tt0974661,17 Again,Mild,Mild,Mild,Mild,None
tt1340138,Terminator Genisys,Mild,Moderate,Moderate,Mild,Mild
tt0110912,Pulp Fiction,Moderate,Severe,Severe,Severe,Moderate
tt0429493,The A-Team,None,Moderate,Moderate,Mild,Mild
tt2562232,Birdman or (The Unexpected Virtue of Ignorance),Moderate,Mild,Severe,Moderate,Mild
tt0825232,The Bucket List,Mild,None,Moderate,Mild,Mild
tt1216492,Leap Year,Mild,Mild,Mild,Mild,None
tt2140465,Tanu Weds Manu Returns,None,Mild,Mild,Mild,None
tt1119646,The Hangover,Severe,Mild,Severe,Moderate,Mild
tt2294449,22 Jump Street,Mild,Moderate,Severe,Moderate,Mild
tt2727028,Total Chaos,Mild,Mild,Mild,Mild,Mild
tt2372678,2 States,Moderate,None,Mild,Mild,None
tt0114746,12 Monkeys,Mild,Moderate,Moderate,None,Moderate
tt2872718,Nightcrawler,None,Moderate,Severe,Mild,Moderate
tt0052357,Vertigo,Mild,Mild,None,Mild,Moderate
tt0102926,The Silence of the Lambs,Moderate,Severe,Moderate,None,Severe
tt1193138,Up in the Air,Mild,None,Moderate,Mild,None
tt1074638,Skyfall,Mild,Moderate,Mild,Mild,Moderate
tt0120338,Titanic,Moderate,Moderate,Moderate,Mild,Severe
tt1024648,Argo,Mild,Moderate,Severe,Mild,Moderate
tt0369179,Two and a Half Men,Moderate,Mild,Moderate,Severe,None
tt0190138,The Whole Nine Yards,Moderate,Moderate,Mild,Mild,Mild
tt1306980,50/50,Moderate,None,Severe,Moderate,Moderate
tt0460649,How I Met Your Mother,Moderate,None,Mild,Moderate,None
